./train/TRAIN_08366.jpg,./upscale_train/TRAIN_08366.png,Ruddy Shelduck
./train/TRAIN_03522.jpg,./upscale_train/TRAIN_03522.png,Ruddy Shelduck
./train/TRAIN_11248.jpg,./upscale_train/TRAIN_11248.png,Ruddy Shelduck
./train/TRAIN_15123.jpg,./upscale_train/TRAIN_15123.png,Ruddy Shelduck
./train/TRAIN_06241.jpg,./upscale_train/TRAIN_06241.png,Ruddy Shelduck
./train/TRAIN_08388.jpg,./upscale_train/TRAIN_08388.png,Ruddy Shelduck
./train/TRAIN_07160.jpg,./upscale_train/TRAIN_07160.png,Ruddy Shelduck
./train/TRAIN_04535.jpg,./upscale_train/TRAIN_04535.png,Ruddy Shelduck
./train/TRAIN_12138.jpg,./upscale_train/TRAIN_12138.png,Ruddy Shelduck
./train/TRAIN_02113.jpg,./upscale_train/TRAIN_02113.png,Ruddy Shelduck
./train/TRAIN_01948.jpg,./upscale_train/TRAIN_01948.png,Ruddy Shelduck
./train/TRAIN_06018.jpg,./upscale_train/TRAIN_06018.png,Ruddy Shelduck
./train/TRAIN_08226.jpg,./upscale_train/TRAIN_08226.png,Ruddy Shelduck
./train/TRAIN_05043.jpg,./upscale_train/TRAIN_05043.png,Ruddy Shelduck
./train/TRAIN_04871.jpg,./upscale_train/TRAIN_04871.png,Ruddy Shelduck
./train/TRAIN_01241.jpg,./upscale_train/TRAIN_01241.png,Ruddy Shelduck
./train/TRAIN_01083.jpg,./upscale_train/TRAIN_01083.png,Ruddy Shelduck
./train/TRAIN_14099.jpg,./upscale_train/TRAIN_14099.png,Ruddy Shelduck
./train/TRAIN_06955.jpg,./upscale_train/TRAIN_06955.png,Ruddy Shelduck
./train/TRAIN_03490.jpg,./upscale_train/TRAIN_03490.png,Ruddy Shelduck
./train/TRAIN_02540.jpg,./upscale_train/TRAIN_02540.png,Ruddy Shelduck
./train/TRAIN_14176.jpg,./upscale_train/TRAIN_14176.png,Ruddy Shelduck
./train/TRAIN_08360.jpg,./upscale_train/TRAIN_08360.png,Ruddy Shelduck
./train/TRAIN_07730.jpg,./upscale_train/TRAIN_07730.png,Ruddy Shelduck
./train/TRAIN_14844.jpg,./upscale_train/TRAIN_14844.png,Ruddy Shelduck
./train/TRAIN_11217.jpg,./upscale_train/TRAIN_11217.png,Ruddy Shelduck
./train/TRAIN_05882.jpg,./upscale_train/TRAIN_05882.png,Ruddy Shelduck
./train/TRAIN_15323.jpg,./upscale_train/TRAIN_15323.png,Ruddy Shelduck
./train/TRAIN_10332.jpg,./upscale_train/TRAIN_10332.png,Ruddy Shelduck
./train/TRAIN_01777.jpg,./upscale_train/TRAIN_01777.png,Ruddy Shelduck
./train/TRAIN_10133.jpg,./upscale_train/TRAIN_10133.png,Ruddy Shelduck
./train/TRAIN_12979.jpg,./upscale_train/TRAIN_12979.png,Ruddy Shelduck
./train/TRAIN_10955.jpg,./upscale_train/TRAIN_10955.png,Ruddy Shelduck
./train/TRAIN_03093.jpg,./upscale_train/TRAIN_03093.png,Ruddy Shelduck
./train/TRAIN_03102.jpg,./upscale_train/TRAIN_03102.png,Ruddy Shelduck
./train/TRAIN_02382.jpg,./upscale_train/TRAIN_02382.png,Ruddy Shelduck
./train/TRAIN_01647.jpg,./upscale_train/TRAIN_01647.png,Ruddy Shelduck
./train/TRAIN_06653.jpg,./upscale_train/TRAIN_06653.png,Ruddy Shelduck
./train/TRAIN_00206.jpg,./upscale_train/TRAIN_00206.png,Ruddy Shelduck
./train/TRAIN_15495.jpg,./upscale_train/TRAIN_15495.png,Ruddy Shelduck
./train/TRAIN_13549.jpg,./upscale_train/TRAIN_13549.png,Ruddy Shelduck
./train/TRAIN_07382.jpg,./upscale_train/TRAIN_07382.png,Ruddy Shelduck
./train/TRAIN_00704.jpg,./upscale_train/TRAIN_00704.png,Ruddy Shelduck
./train/TRAIN_09109.jpg,./upscale_train/TRAIN_09109.png,Ruddy Shelduck
./train/TRAIN_13058.jpg,./upscale_train/TRAIN_13058.png,Ruddy Shelduck
./train/TRAIN_15640.jpg,./upscale_train/TRAIN_15640.png,Ruddy Shelduck
./train/TRAIN_14598.jpg,./upscale_train/TRAIN_14598.png,Ruddy Shelduck
./train/TRAIN_02727.jpg,./upscale_train/TRAIN_02727.png,Ruddy Shelduck
./train/TRAIN_01099.jpg,./upscale_train/TRAIN_01099.png,Ruddy Shelduck
./train/TRAIN_05898.jpg,./upscale_train/TRAIN_05898.png,Ruddy Shelduck
./train/TRAIN_14022.jpg,./upscale_train/TRAIN_14022.png,Ruddy Shelduck
./train/TRAIN_08106.jpg,./upscale_train/TRAIN_08106.png,Ruddy Shelduck
./train/TRAIN_01804.jpg,./upscale_train/TRAIN_01804.png,Ruddy Shelduck
./train/TRAIN_13261.jpg,./upscale_train/TRAIN_13261.png,Ruddy Shelduck
./train/TRAIN_01817.jpg,./upscale_train/TRAIN_01817.png,Ruddy Shelduck
./train/TRAIN_15029.jpg,./upscale_train/TRAIN_15029.png,Ruddy Shelduck
./train/TRAIN_13037.jpg,./upscale_train/TRAIN_13037.png,Ruddy Shelduck
./train/TRAIN_07761.jpg,./upscale_train/TRAIN_07761.png,Ruddy Shelduck
./train/TRAIN_08219.jpg,./upscale_train/TRAIN_08219.png,Ruddy Shelduck
./train/TRAIN_04105.jpg,./upscale_train/TRAIN_04105.png,Ruddy Shelduck
./train/TRAIN_03741.jpg,./upscale_train/TRAIN_03741.png,Ruddy Shelduck
./train/TRAIN_02789.jpg,./upscale_train/TRAIN_02789.png,Ruddy Shelduck
./train/TRAIN_00047.jpg,./upscale_train/TRAIN_00047.png,Ruddy Shelduck
./train/TRAIN_03765.jpg,./upscale_train/TRAIN_03765.png,Ruddy Shelduck
./train/TRAIN_11303.jpg,./upscale_train/TRAIN_11303.png,Ruddy Shelduck
./train/TRAIN_15735.jpg,./upscale_train/TRAIN_15735.png,Ruddy Shelduck
./train/TRAIN_14751.jpg,./upscale_train/TRAIN_14751.png,Ruddy Shelduck
./train/TRAIN_06964.jpg,./upscale_train/TRAIN_06964.png,Ruddy Shelduck
./train/TRAIN_01202.jpg,./upscale_train/TRAIN_01202.png,Ruddy Shelduck
./train/TRAIN_03067.jpg,./upscale_train/TRAIN_03067.png,Ruddy Shelduck
./train/TRAIN_00696.jpg,./upscale_train/TRAIN_00696.png,Ruddy Shelduck
./train/TRAIN_01555.jpg,./upscale_train/TRAIN_01555.png,Ruddy Shelduck
./train/TRAIN_06775.jpg,./upscale_train/TRAIN_06775.png,Ruddy Shelduck
./train/TRAIN_09191.jpg,./upscale_train/TRAIN_09191.png,Ruddy Shelduck
./train/TRAIN_00871.jpg,./upscale_train/TRAIN_00871.png,Ruddy Shelduck
./train/TRAIN_01570.jpg,./upscale_train/TRAIN_01570.png,Ruddy Shelduck
./train/TRAIN_07776.jpg,./upscale_train/TRAIN_07776.png,Ruddy Shelduck
./train/TRAIN_04130.jpg,./upscale_train/TRAIN_04130.png,Ruddy Shelduck
./train/TRAIN_11655.jpg,./upscale_train/TRAIN_11655.png,Ruddy Shelduck
./train/TRAIN_15493.jpg,./upscale_train/TRAIN_15493.png,Ruddy Shelduck
./train/TRAIN_10433.jpg,./upscale_train/TRAIN_10433.png,Ruddy Shelduck
./train/TRAIN_03971.jpg,./upscale_train/TRAIN_03971.png,Ruddy Shelduck
./train/TRAIN_12566.jpg,./upscale_train/TRAIN_12566.png,Ruddy Shelduck
./train/TRAIN_01273.jpg,./upscale_train/TRAIN_01273.png,Ruddy Shelduck
./train/TRAIN_14421.jpg,./upscale_train/TRAIN_14421.png,Ruddy Shelduck
./train/TRAIN_00941.jpg,./upscale_train/TRAIN_00941.png,Ruddy Shelduck
./train/TRAIN_03369.jpg,./upscale_train/TRAIN_03369.png,Ruddy Shelduck
./train/TRAIN_08482.jpg,./upscale_train/TRAIN_08482.png,Ruddy Shelduck
./train/TRAIN_00806.jpg,./upscale_train/TRAIN_00806.png,Ruddy Shelduck
./train/TRAIN_11819.jpg,./upscale_train/TRAIN_11819.png,Ruddy Shelduck
./train/TRAIN_07096.jpg,./upscale_train/TRAIN_07096.png,Ruddy Shelduck
./train/TRAIN_00136.jpg,./upscale_train/TRAIN_00136.png,Ruddy Shelduck
./train/TRAIN_14522.jpg,./upscale_train/TRAIN_14522.png,Ruddy Shelduck
./train/TRAIN_15763.jpg,./upscale_train/TRAIN_15763.png,Ruddy Shelduck
./train/TRAIN_04831.jpg,./upscale_train/TRAIN_04831.png,Ruddy Shelduck
./train/TRAIN_10159.jpg,./upscale_train/TRAIN_10159.png,Ruddy Shelduck
./train/TRAIN_03043.jpg,./upscale_train/TRAIN_03043.png,Ruddy Shelduck
./train/TRAIN_07647.jpg,./upscale_train/TRAIN_07647.png,Ruddy Shelduck
./train/TRAIN_07379.jpg,./upscale_train/TRAIN_07379.png,Ruddy Shelduck
./train/TRAIN_14759.jpg,./upscale_train/TRAIN_14759.png,Ruddy Shelduck
./train/TRAIN_02016.jpg,./upscale_train/TRAIN_02016.png,Ruddy Shelduck
./train/TRAIN_10738.jpg,./upscale_train/TRAIN_10738.png,Ruddy Shelduck
./train/TRAIN_06379.jpg,./upscale_train/TRAIN_06379.png,Ruddy Shelduck
./train/TRAIN_10737.jpg,./upscale_train/TRAIN_10737.png,Ruddy Shelduck
./train/TRAIN_14524.jpg,./upscale_train/TRAIN_14524.png,Ruddy Shelduck
./train/TRAIN_11176.jpg,./upscale_train/TRAIN_11176.png,Ruddy Shelduck
./train/TRAIN_12495.jpg,./upscale_train/TRAIN_12495.png,Ruddy Shelduck
./train/TRAIN_00826.jpg,./upscale_train/TRAIN_00826.png,Ruddy Shelduck
./train/TRAIN_04377.jpg,./upscale_train/TRAIN_04377.png,Ruddy Shelduck
./train/TRAIN_02534.jpg,./upscale_train/TRAIN_02534.png,Ruddy Shelduck
./train/TRAIN_10611.jpg,./upscale_train/TRAIN_10611.png,Ruddy Shelduck
./train/TRAIN_01124.jpg,./upscale_train/TRAIN_01124.png,Ruddy Shelduck
./train/TRAIN_07194.jpg,./upscale_train/TRAIN_07194.png,Ruddy Shelduck
./train/TRAIN_11952.jpg,./upscale_train/TRAIN_11952.png,Ruddy Shelduck
./train/TRAIN_06493.jpg,./upscale_train/TRAIN_06493.png,Ruddy Shelduck
./train/TRAIN_03047.jpg,./upscale_train/TRAIN_03047.png,Ruddy Shelduck
./train/TRAIN_05036.jpg,./upscale_train/TRAIN_05036.png,Ruddy Shelduck
./train/TRAIN_05706.jpg,./upscale_train/TRAIN_05706.png,Ruddy Shelduck
./train/TRAIN_00482.jpg,./upscale_train/TRAIN_00482.png,Ruddy Shelduck
./train/TRAIN_04805.jpg,./upscale_train/TRAIN_04805.png,Ruddy Shelduck
./train/TRAIN_06980.jpg,./upscale_train/TRAIN_06980.png,Ruddy Shelduck
./train/TRAIN_04682.jpg,./upscale_train/TRAIN_04682.png,Ruddy Shelduck
./train/TRAIN_11756.jpg,./upscale_train/TRAIN_11756.png,Ruddy Shelduck
./train/TRAIN_11323.jpg,./upscale_train/TRAIN_11323.png,Ruddy Shelduck
./train/TRAIN_02559.jpg,./upscale_train/TRAIN_02559.png,Ruddy Shelduck
./train/TRAIN_06352.jpg,./upscale_train/TRAIN_06352.png,Ruddy Shelduck
./train/TRAIN_01961.jpg,./upscale_train/TRAIN_01961.png,Ruddy Shelduck
./train/TRAIN_01000.jpg,./upscale_train/TRAIN_01000.png,Ruddy Shelduck
./train/TRAIN_14405.jpg,./upscale_train/TRAIN_14405.png,Ruddy Shelduck
./train/TRAIN_12614.jpg,./upscale_train/TRAIN_12614.png,Ruddy Shelduck
./train/TRAIN_09795.jpg,./upscale_train/TRAIN_09795.png,Ruddy Shelduck
./train/TRAIN_12941.jpg,./upscale_train/TRAIN_12941.png,Ruddy Shelduck
./train/TRAIN_04898.jpg,./upscale_train/TRAIN_04898.png,Ruddy Shelduck
./train/TRAIN_00361.jpg,./upscale_train/TRAIN_00361.png,Ruddy Shelduck
./train/TRAIN_05282.jpg,./upscale_train/TRAIN_05282.png,Ruddy Shelduck
./train/TRAIN_11240.jpg,./upscale_train/TRAIN_11240.png,Ruddy Shelduck
./train/TRAIN_14105.jpg,./upscale_train/TRAIN_14105.png,Ruddy Shelduck
./train/TRAIN_01217.jpg,./upscale_train/TRAIN_01217.png,Ruddy Shelduck
./train/TRAIN_03310.jpg,./upscale_train/TRAIN_03310.png,Ruddy Shelduck
./train/TRAIN_08221.jpg,./upscale_train/TRAIN_08221.png,Ruddy Shelduck
./train/TRAIN_00692.jpg,./upscale_train/TRAIN_00692.png,Ruddy Shelduck
./train/TRAIN_03587.jpg,./upscale_train/TRAIN_03587.png,Ruddy Shelduck
./train/TRAIN_07445.jpg,./upscale_train/TRAIN_07445.png,Ruddy Shelduck
./train/TRAIN_04953.jpg,./upscale_train/TRAIN_04953.png,Ruddy Shelduck
./train/TRAIN_15441.jpg,./upscale_train/TRAIN_15441.png,Ruddy Shelduck
./train/TRAIN_09435.jpg,./upscale_train/TRAIN_09435.png,Ruddy Shelduck
./train/TRAIN_03901.jpg,./upscale_train/TRAIN_03901.png,Ruddy Shelduck
./train/TRAIN_09987.jpg,./upscale_train/TRAIN_09987.png,Ruddy Shelduck
./train/TRAIN_14104.jpg,./upscale_train/TRAIN_14104.png,Ruddy Shelduck
./train/TRAIN_10384.jpg,./upscale_train/TRAIN_10384.png,Ruddy Shelduck
./train/TRAIN_07793.jpg,./upscale_train/TRAIN_07793.png,Ruddy Shelduck
./train/TRAIN_14997.jpg,./upscale_train/TRAIN_14997.png,Ruddy Shelduck
./train/TRAIN_09068.jpg,./upscale_train/TRAIN_09068.png,Ruddy Shelduck
./train/TRAIN_04829.jpg,./upscale_train/TRAIN_04829.png,Ruddy Shelduck
./train/TRAIN_14769.jpg,./upscale_train/TRAIN_14769.png,Ruddy Shelduck
./train/TRAIN_14623.jpg,./upscale_train/TRAIN_14623.png,Ruddy Shelduck
./train/TRAIN_13706.jpg,./upscale_train/TRAIN_13706.png,Ruddy Shelduck
./train/TRAIN_12757.jpg,./upscale_train/TRAIN_12757.png,Ruddy Shelduck
./train/TRAIN_13543.jpg,./upscale_train/TRAIN_13543.png,Ruddy Shelduck
./train/TRAIN_10083.jpg,./upscale_train/TRAIN_10083.png,Ruddy Shelduck
./train/TRAIN_08911.jpg,./upscale_train/TRAIN_08911.png,Ruddy Shelduck
./train/TRAIN_02448.jpg,./upscale_train/TRAIN_02448.png,Ruddy Shelduck
./train/TRAIN_02600.jpg,./upscale_train/TRAIN_02600.png,Ruddy Shelduck
./train/TRAIN_14100.jpg,./upscale_train/TRAIN_14100.png,Ruddy Shelduck
./train/TRAIN_14127.jpg,./upscale_train/TRAIN_14127.png,Ruddy Shelduck
./train/TRAIN_12058.jpg,./upscale_train/TRAIN_12058.png,Ruddy Shelduck
./train/TRAIN_12653.jpg,./upscale_train/TRAIN_12653.png,Ruddy Shelduck
./train/TRAIN_00157.jpg,./upscale_train/TRAIN_00157.png,Ruddy Shelduck
./train/TRAIN_02071.jpg,./upscale_train/TRAIN_02071.png,Ruddy Shelduck
./train/TRAIN_11744.jpg,./upscale_train/TRAIN_11744.png,Ruddy Shelduck
./train/TRAIN_08281.jpg,./upscale_train/TRAIN_08281.png,Ruddy Shelduck
./train/TRAIN_13853.jpg,./upscale_train/TRAIN_13853.png,Ruddy Shelduck
./train/TRAIN_08187.jpg,./upscale_train/TRAIN_08187.png,Ruddy Shelduck
./train/TRAIN_07962.jpg,./upscale_train/TRAIN_07962.png,Ruddy Shelduck
./train/TRAIN_05280.jpg,./upscale_train/TRAIN_05280.png,Ruddy Shelduck
./train/TRAIN_03203.jpg,./upscale_train/TRAIN_03203.png,Ruddy Shelduck
./train/TRAIN_12083.jpg,./upscale_train/TRAIN_12083.png,Ruddy Shelduck
./train/TRAIN_00860.jpg,./upscale_train/TRAIN_00860.png,Ruddy Shelduck
./train/TRAIN_00846.jpg,./upscale_train/TRAIN_00846.png,Ruddy Shelduck
./train/TRAIN_01649.jpg,./upscale_train/TRAIN_01649.png,Ruddy Shelduck
./train/TRAIN_03793.jpg,./upscale_train/TRAIN_03793.png,Ruddy Shelduck
./train/TRAIN_05102.jpg,./upscale_train/TRAIN_05102.png,Ruddy Shelduck
./train/TRAIN_13690.jpg,./upscale_train/TRAIN_13690.png,Ruddy Shelduck
./train/TRAIN_01421.jpg,./upscale_train/TRAIN_01421.png,Ruddy Shelduck
./train/TRAIN_00210.jpg,./upscale_train/TRAIN_00210.png,Ruddy Shelduck
./train/TRAIN_13967.jpg,./upscale_train/TRAIN_13967.png,Ruddy Shelduck
./train/TRAIN_14906.jpg,./upscale_train/TRAIN_14906.png,Ruddy Shelduck
./train/TRAIN_12337.jpg,./upscale_train/TRAIN_12337.png,Ruddy Shelduck
./train/TRAIN_05672.jpg,./upscale_train/TRAIN_05672.png,Ruddy Shelduck
./train/TRAIN_07737.jpg,./upscale_train/TRAIN_07737.png,Ruddy Shelduck
./train/TRAIN_07616.jpg,./upscale_train/TRAIN_07616.png,Ruddy Shelduck
./train/TRAIN_06237.jpg,./upscale_train/TRAIN_06237.png,Ruddy Shelduck
./train/TRAIN_13541.jpg,./upscale_train/TRAIN_13541.png,Ruddy Shelduck
./train/TRAIN_03989.jpg,./upscale_train/TRAIN_03989.png,Ruddy Shelduck
./train/TRAIN_10358.jpg,./upscale_train/TRAIN_10358.png,Ruddy Shelduck
./train/TRAIN_09564.jpg,./upscale_train/TRAIN_09564.png,Ruddy Shelduck
./train/TRAIN_01973.jpg,./upscale_train/TRAIN_01973.png,Ruddy Shelduck
./train/TRAIN_09805.jpg,./upscale_train/TRAIN_09805.png,Ruddy Shelduck
./train/TRAIN_07717.jpg,./upscale_train/TRAIN_07717.png,Ruddy Shelduck
./train/TRAIN_14390.jpg,./upscale_train/TRAIN_14390.png,Ruddy Shelduck
./train/TRAIN_01867.jpg,./upscale_train/TRAIN_01867.png,Ruddy Shelduck
./train/TRAIN_00478.jpg,./upscale_train/TRAIN_00478.png,Ruddy Shelduck
./train/TRAIN_05705.jpg,./upscale_train/TRAIN_05705.png,Ruddy Shelduck
./train/TRAIN_08292.jpg,./upscale_train/TRAIN_08292.png,Ruddy Shelduck
./train/TRAIN_04909.jpg,./upscale_train/TRAIN_04909.png,Ruddy Shelduck
./train/TRAIN_05963.jpg,./upscale_train/TRAIN_05963.png,Ruddy Shelduck
./train/TRAIN_14268.jpg,./upscale_train/TRAIN_14268.png,Ruddy Shelduck
./train/TRAIN_06914.jpg,./upscale_train/TRAIN_06914.png,Ruddy Shelduck
./train/TRAIN_06144.jpg,./upscale_train/TRAIN_06144.png,Ruddy Shelduck
./train/TRAIN_03111.jpg,./upscale_train/TRAIN_03111.png,Ruddy Shelduck
./train/TRAIN_06688.jpg,./upscale_train/TRAIN_06688.png,Ruddy Shelduck
./train/TRAIN_00751.jpg,./upscale_train/TRAIN_00751.png,Ruddy Shelduck
./train/TRAIN_14497.jpg,./upscale_train/TRAIN_14497.png,White-Breasted Kingfisher
./train/TRAIN_03502.jpg,./upscale_train/TRAIN_03502.png,White-Breasted Kingfisher
./train/TRAIN_15012.jpg,./upscale_train/TRAIN_15012.png,White-Breasted Kingfisher
./train/TRAIN_05403.jpg,./upscale_train/TRAIN_05403.png,White-Breasted Kingfisher
./train/TRAIN_11946.jpg,./upscale_train/TRAIN_11946.png,White-Breasted Kingfisher
./train/TRAIN_08074.jpg,./upscale_train/TRAIN_08074.png,White-Breasted Kingfisher
./train/TRAIN_08853.jpg,./upscale_train/TRAIN_08853.png,White-Breasted Kingfisher
./train/TRAIN_10517.jpg,./upscale_train/TRAIN_10517.png,White-Breasted Kingfisher
./train/TRAIN_13121.jpg,./upscale_train/TRAIN_13121.png,White-Breasted Kingfisher
./train/TRAIN_02015.jpg,./upscale_train/TRAIN_02015.png,White-Breasted Kingfisher
./train/TRAIN_01698.jpg,./upscale_train/TRAIN_01698.png,White-Breasted Kingfisher
./train/TRAIN_06470.jpg,./upscale_train/TRAIN_06470.png,White-Breasted Kingfisher
./train/TRAIN_07922.jpg,./upscale_train/TRAIN_07922.png,White-Breasted Kingfisher
./train/TRAIN_05021.jpg,./upscale_train/TRAIN_05021.png,White-Breasted Kingfisher
./train/TRAIN_04759.jpg,./upscale_train/TRAIN_04759.png,White-Breasted Kingfisher
./train/TRAIN_01171.jpg,./upscale_train/TRAIN_01171.png,White-Breasted Kingfisher
./train/TRAIN_00964.jpg,./upscale_train/TRAIN_00964.png,White-Breasted Kingfisher
./train/TRAIN_10911.jpg,./upscale_train/TRAIN_10911.png,White-Breasted Kingfisher
./train/TRAIN_04813.jpg,./upscale_train/TRAIN_04813.png,White-Breasted Kingfisher
./train/TRAIN_03428.jpg,./upscale_train/TRAIN_03428.png,White-Breasted Kingfisher
./train/TRAIN_02486.jpg,./upscale_train/TRAIN_02486.png,White-Breasted Kingfisher
./train/TRAIN_11933.jpg,./upscale_train/TRAIN_11933.png,White-Breasted Kingfisher
./train/TRAIN_10352.jpg,./upscale_train/TRAIN_10352.png,White-Breasted Kingfisher
./train/TRAIN_11169.jpg,./upscale_train/TRAIN_11169.png,White-Breasted Kingfisher
./train/TRAIN_12799.jpg,./upscale_train/TRAIN_12799.png,White-Breasted Kingfisher
./train/TRAIN_15056.jpg,./upscale_train/TRAIN_15056.png,White-Breasted Kingfisher
./train/TRAIN_07520.jpg,./upscale_train/TRAIN_07520.png,White-Breasted Kingfisher
./train/TRAIN_07609.jpg,./upscale_train/TRAIN_07609.png,White-Breasted Kingfisher
./train/TRAIN_06902.jpg,./upscale_train/TRAIN_06902.png,White-Breasted Kingfisher
./train/TRAIN_01630.jpg,./upscale_train/TRAIN_01630.png,White-Breasted Kingfisher
./train/TRAIN_06797.jpg,./upscale_train/TRAIN_06797.png,White-Breasted Kingfisher
./train/TRAIN_13026.jpg,./upscale_train/TRAIN_13026.png,White-Breasted Kingfisher
./train/TRAIN_11055.jpg,./upscale_train/TRAIN_11055.png,White-Breasted Kingfisher
./train/TRAIN_03063.jpg,./upscale_train/TRAIN_03063.png,White-Breasted Kingfisher
./train/TRAIN_03085.jpg,./upscale_train/TRAIN_03085.png,White-Breasted Kingfisher
./train/TRAIN_02281.jpg,./upscale_train/TRAIN_02281.png,White-Breasted Kingfisher
./train/TRAIN_01447.jpg,./upscale_train/TRAIN_01447.png,White-Breasted Kingfisher
./train/TRAIN_10460.jpg,./upscale_train/TRAIN_10460.png,White-Breasted Kingfisher
./train/TRAIN_00187.jpg,./upscale_train/TRAIN_00187.png,White-Breasted Kingfisher
./train/TRAIN_15459.jpg,./upscale_train/TRAIN_15459.png,White-Breasted Kingfisher
./train/TRAIN_13516.jpg,./upscale_train/TRAIN_13516.png,White-Breasted Kingfisher
./train/TRAIN_07182.jpg,./upscale_train/TRAIN_07182.png,White-Breasted Kingfisher
./train/TRAIN_00491.jpg,./upscale_train/TRAIN_00491.png,White-Breasted Kingfisher
./train/TRAIN_04511.jpg,./upscale_train/TRAIN_04511.png,White-Breasted Kingfisher
./train/TRAIN_12650.jpg,./upscale_train/TRAIN_12650.png,White-Breasted Kingfisher
./train/TRAIN_04601.jpg,./upscale_train/TRAIN_04601.png,White-Breasted Kingfisher
./train/TRAIN_09328.jpg,./upscale_train/TRAIN_09328.png,White-Breasted Kingfisher
./train/TRAIN_02637.jpg,./upscale_train/TRAIN_02637.png,White-Breasted Kingfisher
./train/TRAIN_00967.jpg,./upscale_train/TRAIN_00967.png,White-Breasted Kingfisher
./train/TRAIN_05870.jpg,./upscale_train/TRAIN_05870.png,White-Breasted Kingfisher
./train/TRAIN_14384.jpg,./upscale_train/TRAIN_14384.png,White-Breasted Kingfisher
./train/TRAIN_04642.jpg,./upscale_train/TRAIN_04642.png,White-Breasted Kingfisher
./train/TRAIN_01640.jpg,./upscale_train/TRAIN_01640.png,White-Breasted Kingfisher
./train/TRAIN_14963.jpg,./upscale_train/TRAIN_14963.png,White-Breasted Kingfisher
./train/TRAIN_01657.jpg,./upscale_train/TRAIN_01657.png,White-Breasted Kingfisher
./train/TRAIN_15027.jpg,./upscale_train/TRAIN_15027.png,White-Breasted Kingfisher
./train/TRAIN_06954.jpg,./upscale_train/TRAIN_06954.png,White-Breasted Kingfisher
./train/TRAIN_05205.jpg,./upscale_train/TRAIN_05205.png,White-Breasted Kingfisher
./train/TRAIN_10574.jpg,./upscale_train/TRAIN_10574.png,White-Breasted Kingfisher
./train/TRAIN_04021.jpg,./upscale_train/TRAIN_04021.png,White-Breasted Kingfisher
./train/TRAIN_03702.jpg,./upscale_train/TRAIN_03702.png,White-Breasted Kingfisher
./train/TRAIN_02666.jpg,./upscale_train/TRAIN_02666.png,White-Breasted Kingfisher
./train/TRAIN_00058.jpg,./upscale_train/TRAIN_00058.png,White-Breasted Kingfisher
./train/TRAIN_03752.jpg,./upscale_train/TRAIN_03752.png,White-Breasted Kingfisher
./train/TRAIN_14692.jpg,./upscale_train/TRAIN_14692.png,White-Breasted Kingfisher
./train/TRAIN_15644.jpg,./upscale_train/TRAIN_15644.png,White-Breasted Kingfisher
./train/TRAIN_12213.jpg,./upscale_train/TRAIN_12213.png,White-Breasted Kingfisher
./train/TRAIN_06496.jpg,./upscale_train/TRAIN_06496.png,White-Breasted Kingfisher
./train/TRAIN_01100.jpg,./upscale_train/TRAIN_01100.png,White-Breasted Kingfisher
./train/TRAIN_02962.jpg,./upscale_train/TRAIN_02962.png,White-Breasted Kingfisher
./train/TRAIN_00468.jpg,./upscale_train/TRAIN_00468.png,White-Breasted Kingfisher
./train/TRAIN_01398.jpg,./upscale_train/TRAIN_01398.png,White-Breasted Kingfisher
./train/TRAIN_06715.jpg,./upscale_train/TRAIN_06715.png,White-Breasted Kingfisher
./train/TRAIN_11232.jpg,./upscale_train/TRAIN_11232.png,White-Breasted Kingfisher
./train/TRAIN_00755.jpg,./upscale_train/TRAIN_00755.png,White-Breasted Kingfisher
./train/TRAIN_01427.jpg,./upscale_train/TRAIN_01427.png,White-Breasted Kingfisher
./train/TRAIN_13103.jpg,./upscale_train/TRAIN_13103.png,White-Breasted Kingfisher
./train/TRAIN_04035.jpg,./upscale_train/TRAIN_04035.png,White-Breasted Kingfisher
./train/TRAIN_07681.jpg,./upscale_train/TRAIN_07681.png,White-Breasted Kingfisher
./train/TRAIN_11070.jpg,./upscale_train/TRAIN_11070.png,White-Breasted Kingfisher
./train/TRAIN_10613.jpg,./upscale_train/TRAIN_10613.png,White-Breasted Kingfisher
./train/TRAIN_03913.jpg,./upscale_train/TRAIN_03913.png,White-Breasted Kingfisher
./train/TRAIN_11253.jpg,./upscale_train/TRAIN_11253.png,White-Breasted Kingfisher
./train/TRAIN_01234.jpg,./upscale_train/TRAIN_01234.png,White-Breasted Kingfisher
./train/TRAIN_08908.jpg,./upscale_train/TRAIN_08908.png,White-Breasted Kingfisher
./train/TRAIN_00881.jpg,./upscale_train/TRAIN_00881.png,White-Breasted Kingfisher
./train/TRAIN_03305.jpg,./upscale_train/TRAIN_03305.png,White-Breasted Kingfisher
./train/TRAIN_06421.jpg,./upscale_train/TRAIN_06421.png,White-Breasted Kingfisher
./train/TRAIN_00668.jpg,./upscale_train/TRAIN_00668.png,White-Breasted Kingfisher
./train/TRAIN_14081.jpg,./upscale_train/TRAIN_14081.png,White-Breasted Kingfisher
./train/TRAIN_15396.jpg,./upscale_train/TRAIN_15396.png,White-Breasted Kingfisher
./train/TRAIN_00106.jpg,./upscale_train/TRAIN_00106.png,White-Breasted Kingfisher
./train/TRAIN_13476.jpg,./upscale_train/TRAIN_13476.png,White-Breasted Kingfisher
./train/TRAIN_15682.jpg,./upscale_train/TRAIN_15682.png,White-Breasted Kingfisher
./train/TRAIN_04749.jpg,./upscale_train/TRAIN_04749.png,White-Breasted Kingfisher
./train/TRAIN_09688.jpg,./upscale_train/TRAIN_09688.png,White-Breasted Kingfisher
./train/TRAIN_02897.jpg,./upscale_train/TRAIN_02897.png,White-Breasted Kingfisher
./train/TRAIN_12697.jpg,./upscale_train/TRAIN_12697.png,White-Breasted Kingfisher
./train/TRAIN_06259.jpg,./upscale_train/TRAIN_06259.png,White-Breasted Kingfisher
./train/TRAIN_14782.jpg,./upscale_train/TRAIN_14782.png,White-Breasted Kingfisher
./train/TRAIN_01883.jpg,./upscale_train/TRAIN_01883.png,White-Breasted Kingfisher
./train/TRAIN_12987.jpg,./upscale_train/TRAIN_12987.png,White-Breasted Kingfisher
./train/TRAIN_07433.jpg,./upscale_train/TRAIN_07433.png,White-Breasted Kingfisher
./train/TRAIN_11087.jpg,./upscale_train/TRAIN_11087.png,White-Breasted Kingfisher
./train/TRAIN_14652.jpg,./upscale_train/TRAIN_14652.png,White-Breasted Kingfisher
./train/TRAIN_06736.jpg,./upscale_train/TRAIN_06736.png,White-Breasted Kingfisher
./train/TRAIN_08267.jpg,./upscale_train/TRAIN_08267.png,White-Breasted Kingfisher
./train/TRAIN_00702.jpg,./upscale_train/TRAIN_00702.png,White-Breasted Kingfisher
./train/TRAIN_07114.jpg,./upscale_train/TRAIN_07114.png,White-Breasted Kingfisher
./train/TRAIN_02466.jpg,./upscale_train/TRAIN_02466.png,White-Breasted Kingfisher
./train/TRAIN_04960.jpg,./upscale_train/TRAIN_04960.png,White-Breasted Kingfisher
./train/TRAIN_00980.jpg,./upscale_train/TRAIN_00980.png,White-Breasted Kingfisher
./train/TRAIN_05676.jpg,./upscale_train/TRAIN_05676.png,White-Breasted Kingfisher
./train/TRAIN_13775.jpg,./upscale_train/TRAIN_13775.png,White-Breasted Kingfisher
./train/TRAIN_08063.jpg,./upscale_train/TRAIN_08063.png,White-Breasted Kingfisher
./train/TRAIN_02924.jpg,./upscale_train/TRAIN_02924.png,White-Breasted Kingfisher
./train/TRAIN_07072.jpg,./upscale_train/TRAIN_07072.png,White-Breasted Kingfisher
./train/TRAIN_05779.jpg,./upscale_train/TRAIN_05779.png,White-Breasted Kingfisher
./train/TRAIN_00389.jpg,./upscale_train/TRAIN_00389.png,White-Breasted Kingfisher
./train/TRAIN_08736.jpg,./upscale_train/TRAIN_08736.png,White-Breasted Kingfisher
./train/TRAIN_11668.jpg,./upscale_train/TRAIN_11668.png,White-Breasted Kingfisher
./train/TRAIN_15389.jpg,./upscale_train/TRAIN_15389.png,White-Breasted Kingfisher
./train/TRAIN_05799.jpg,./upscale_train/TRAIN_05799.png,White-Breasted Kingfisher
./train/TRAIN_14102.jpg,./upscale_train/TRAIN_14102.png,White-Breasted Kingfisher
./train/TRAIN_02519.jpg,./upscale_train/TRAIN_02519.png,White-Breasted Kingfisher
./train/TRAIN_05994.jpg,./upscale_train/TRAIN_05994.png,White-Breasted Kingfisher
./train/TRAIN_01814.jpg,./upscale_train/TRAIN_01814.png,White-Breasted Kingfisher
./train/TRAIN_15017.jpg,./upscale_train/TRAIN_15017.png,White-Breasted Kingfisher
./train/TRAIN_11014.jpg,./upscale_train/TRAIN_11014.png,White-Breasted Kingfisher
./train/TRAIN_12750.jpg,./upscale_train/TRAIN_12750.png,White-Breasted Kingfisher
./train/TRAIN_09796.jpg,./upscale_train/TRAIN_09796.png,White-Breasted Kingfisher
./train/TRAIN_10975.jpg,./upscale_train/TRAIN_10975.png,White-Breasted Kingfisher
./train/TRAIN_04760.jpg,./upscale_train/TRAIN_04760.png,White-Breasted Kingfisher
./train/TRAIN_00345.jpg,./upscale_train/TRAIN_00345.png,White-Breasted Kingfisher
./train/TRAIN_05398.jpg,./upscale_train/TRAIN_05398.png,White-Breasted Kingfisher
./train/TRAIN_09192.jpg,./upscale_train/TRAIN_09192.png,White-Breasted Kingfisher
./train/TRAIN_06362.jpg,./upscale_train/TRAIN_06362.png,White-Breasted Kingfisher
./train/TRAIN_01116.jpg,./upscale_train/TRAIN_01116.png,White-Breasted Kingfisher
./train/TRAIN_03232.jpg,./upscale_train/TRAIN_03232.png,White-Breasted Kingfisher
./train/TRAIN_07897.jpg,./upscale_train/TRAIN_07897.png,White-Breasted Kingfisher
./train/TRAIN_00454.jpg,./upscale_train/TRAIN_00454.png,White-Breasted Kingfisher
./train/TRAIN_03651.jpg,./upscale_train/TRAIN_03651.png,White-Breasted Kingfisher
./train/TRAIN_07199.jpg,./upscale_train/TRAIN_07199.png,White-Breasted Kingfisher
./train/TRAIN_14686.jpg,./upscale_train/TRAIN_14686.png,White-Breasted Kingfisher
./train/TRAIN_10473.jpg,./upscale_train/TRAIN_10473.png,White-Breasted Kingfisher
./train/TRAIN_13691.jpg,./upscale_train/TRAIN_13691.png,White-Breasted Kingfisher
./train/TRAIN_03893.jpg,./upscale_train/TRAIN_03893.png,White-Breasted Kingfisher
./train/TRAIN_07728.jpg,./upscale_train/TRAIN_07728.png,White-Breasted Kingfisher
./train/TRAIN_07550.jpg,./upscale_train/TRAIN_07550.png,White-Breasted Kingfisher
./train/TRAIN_06970.jpg,./upscale_train/TRAIN_06970.png,White-Breasted Kingfisher
./train/TRAIN_14137.jpg,./upscale_train/TRAIN_14137.png,White-Breasted Kingfisher
./train/TRAIN_12977.jpg,./upscale_train/TRAIN_12977.png,White-Breasted Kingfisher
./train/TRAIN_13049.jpg,./upscale_train/TRAIN_13049.png,White-Breasted Kingfisher
./train/TRAIN_04731.jpg,./upscale_train/TRAIN_04731.png,White-Breasted Kingfisher
./train/TRAIN_14841.jpg,./upscale_train/TRAIN_14841.png,White-Breasted Kingfisher
./train/TRAIN_06301.jpg,./upscale_train/TRAIN_06301.png,White-Breasted Kingfisher
./train/TRAIN_13770.jpg,./upscale_train/TRAIN_13770.png,White-Breasted Kingfisher
./train/TRAIN_09432.jpg,./upscale_train/TRAIN_09432.png,White-Breasted Kingfisher
./train/TRAIN_15273.jpg,./upscale_train/TRAIN_15273.png,White-Breasted Kingfisher
./train/TRAIN_06346.jpg,./upscale_train/TRAIN_06346.png,White-Breasted Kingfisher
./train/TRAIN_08602.jpg,./upscale_train/TRAIN_08602.png,White-Breasted Kingfisher
./train/TRAIN_02363.jpg,./upscale_train/TRAIN_02363.png,White-Breasted Kingfisher
./train/TRAIN_02578.jpg,./upscale_train/TRAIN_02578.png,White-Breasted Kingfisher
./train/TRAIN_14117.jpg,./upscale_train/TRAIN_14117.png,White-Breasted Kingfisher
./train/TRAIN_14250.jpg,./upscale_train/TRAIN_14250.png,White-Breasted Kingfisher
./train/TRAIN_10809.jpg,./upscale_train/TRAIN_10809.png,White-Breasted Kingfisher
./train/TRAIN_14642.jpg,./upscale_train/TRAIN_14642.png,White-Breasted Kingfisher
./train/TRAIN_00145.jpg,./upscale_train/TRAIN_00145.png,White-Breasted Kingfisher
./train/TRAIN_01989.jpg,./upscale_train/TRAIN_01989.png,White-Breasted Kingfisher
./train/TRAIN_11841.jpg,./upscale_train/TRAIN_11841.png,White-Breasted Kingfisher
./train/TRAIN_07998.jpg,./upscale_train/TRAIN_07998.png,White-Breasted Kingfisher
./train/TRAIN_11466.jpg,./upscale_train/TRAIN_11466.png,White-Breasted Kingfisher
./train/TRAIN_09062.jpg,./upscale_train/TRAIN_09062.png,White-Breasted Kingfisher
./train/TRAIN_07652.jpg,./upscale_train/TRAIN_07652.png,White-Breasted Kingfisher
./train/TRAIN_12096.jpg,./upscale_train/TRAIN_12096.png,White-Breasted Kingfisher
./train/TRAIN_03156.jpg,./upscale_train/TRAIN_03156.png,White-Breasted Kingfisher
./train/TRAIN_10066.jpg,./upscale_train/TRAIN_10066.png,White-Breasted Kingfisher
./train/TRAIN_00744.jpg,./upscale_train/TRAIN_00744.png,White-Breasted Kingfisher
./train/TRAIN_00709.jpg,./upscale_train/TRAIN_00709.png,White-Breasted Kingfisher
./train/TRAIN_01535.jpg,./upscale_train/TRAIN_01535.png,White-Breasted Kingfisher
./train/TRAIN_03803.jpg,./upscale_train/TRAIN_03803.png,White-Breasted Kingfisher
./train/TRAIN_05766.jpg,./upscale_train/TRAIN_05766.png,White-Breasted Kingfisher
./train/TRAIN_13738.jpg,./upscale_train/TRAIN_13738.png,White-Breasted Kingfisher
./train/TRAIN_01305.jpg,./upscale_train/TRAIN_01305.png,White-Breasted Kingfisher
./train/TRAIN_00192.jpg,./upscale_train/TRAIN_00192.png,White-Breasted Kingfisher
./train/TRAIN_04879.jpg,./upscale_train/TRAIN_04879.png,White-Breasted Kingfisher
./train/TRAIN_12945.jpg,./upscale_train/TRAIN_12945.png,White-Breasted Kingfisher
./train/TRAIN_10105.jpg,./upscale_train/TRAIN_10105.png,White-Breasted Kingfisher
./train/TRAIN_07536.jpg,./upscale_train/TRAIN_07536.png,White-Breasted Kingfisher
./train/TRAIN_13834.jpg,./upscale_train/TRAIN_13834.png,White-Breasted Kingfisher
./train/TRAIN_14768.jpg,./upscale_train/TRAIN_14768.png,White-Breasted Kingfisher
./train/TRAIN_14235.jpg,./upscale_train/TRAIN_14235.png,White-Breasted Kingfisher
./train/TRAIN_03957.jpg,./upscale_train/TRAIN_03957.png,White-Breasted Kingfisher
./train/TRAIN_09883.jpg,./upscale_train/TRAIN_09883.png,White-Breasted Kingfisher
./train/TRAIN_09664.jpg,./upscale_train/TRAIN_09664.png,White-Breasted Kingfisher
./train/TRAIN_01850.jpg,./upscale_train/TRAIN_01850.png,White-Breasted Kingfisher
./train/TRAIN_13471.jpg,./upscale_train/TRAIN_13471.png,White-Breasted Kingfisher
./train/TRAIN_07482.jpg,./upscale_train/TRAIN_07482.png,White-Breasted Kingfisher
./train/TRAIN_10006.jpg,./upscale_train/TRAIN_10006.png,White-Breasted Kingfisher
./train/TRAIN_01676.jpg,./upscale_train/TRAIN_01676.png,White-Breasted Kingfisher
./train/TRAIN_00387.jpg,./upscale_train/TRAIN_00387.png,White-Breasted Kingfisher
./train/TRAIN_05768.jpg,./upscale_train/TRAIN_05768.png,White-Breasted Kingfisher
./train/TRAIN_08033.jpg,./upscale_train/TRAIN_08033.png,White-Breasted Kingfisher
./train/TRAIN_04766.jpg,./upscale_train/TRAIN_04766.png,White-Breasted Kingfisher
./train/TRAIN_05912.jpg,./upscale_train/TRAIN_05912.png,White-Breasted Kingfisher
./train/TRAIN_05887.jpg,./upscale_train/TRAIN_05887.png,White-Breasted Kingfisher
./train/TRAIN_13902.jpg,./upscale_train/TRAIN_13902.png,White-Breasted Kingfisher
./train/TRAIN_06824.jpg,./upscale_train/TRAIN_06824.png,White-Breasted Kingfisher
./train/TRAIN_03115.jpg,./upscale_train/TRAIN_03115.png,White-Breasted Kingfisher
./train/TRAIN_06643.jpg,./upscale_train/TRAIN_06643.png,White-Breasted Kingfisher
./train/TRAIN_07830.jpg,./upscale_train/TRAIN_07830.png,Northern Lapwing
./train/TRAIN_14006.jpg,./upscale_train/TRAIN_14006.png,Northern Lapwing
./train/TRAIN_12274.jpg,./upscale_train/TRAIN_12274.png,Northern Lapwing
./train/TRAIN_08647.jpg,./upscale_train/TRAIN_08647.png,Northern Lapwing
./train/TRAIN_06073.jpg,./upscale_train/TRAIN_06073.png,Northern Lapwing
./train/TRAIN_10441.jpg,./upscale_train/TRAIN_10441.png,Northern Lapwing
./train/TRAIN_10709.jpg,./upscale_train/TRAIN_10709.png,Northern Lapwing
./train/TRAIN_08616.jpg,./upscale_train/TRAIN_08616.png,Northern Lapwing
./train/TRAIN_07373.jpg,./upscale_train/TRAIN_07373.png,Northern Lapwing
./train/TRAIN_02065.jpg,./upscale_train/TRAIN_02065.png,Northern Lapwing
./train/TRAIN_01794.jpg,./upscale_train/TRAIN_01794.png,Northern Lapwing
./train/TRAIN_06415.jpg,./upscale_train/TRAIN_06415.png,Northern Lapwing
./train/TRAIN_10635.jpg,./upscale_train/TRAIN_10635.png,Northern Lapwing
./train/TRAIN_08538.jpg,./upscale_train/TRAIN_08538.png,Northern Lapwing
./train/TRAIN_11920.jpg,./upscale_train/TRAIN_11920.png,Northern Lapwing
./train/TRAIN_01488.jpg,./upscale_train/TRAIN_01488.png,Northern Lapwing
./train/TRAIN_01308.jpg,./upscale_train/TRAIN_01308.png,Northern Lapwing
./train/TRAIN_10956.jpg,./upscale_train/TRAIN_10956.png,Northern Lapwing
./train/TRAIN_04784.jpg,./upscale_train/TRAIN_04784.png,Northern Lapwing
./train/TRAIN_08539.jpg,./upscale_train/TRAIN_08539.png,Northern Lapwing
./train/TRAIN_02632.jpg,./upscale_train/TRAIN_02632.png,Northern Lapwing
./train/TRAIN_08992.jpg,./upscale_train/TRAIN_08992.png,Northern Lapwing
./train/TRAIN_14203.jpg,./upscale_train/TRAIN_14203.png,Northern Lapwing
./train/TRAIN_14722.jpg,./upscale_train/TRAIN_14722.png,Northern Lapwing
./train/TRAIN_13268.jpg,./upscale_train/TRAIN_13268.png,Northern Lapwing
./train/TRAIN_05643.jpg,./upscale_train/TRAIN_05643.png,Northern Lapwing
./train/TRAIN_08018.jpg,./upscale_train/TRAIN_08018.png,Northern Lapwing
./train/TRAIN_04945.jpg,./upscale_train/TRAIN_04945.png,Northern Lapwing
./train/TRAIN_07036.jpg,./upscale_train/TRAIN_07036.png,Northern Lapwing
./train/TRAIN_01651.jpg,./upscale_train/TRAIN_01651.png,Northern Lapwing
./train/TRAIN_12637.jpg,./upscale_train/TRAIN_12637.png,Northern Lapwing
./train/TRAIN_13295.jpg,./upscale_train/TRAIN_13295.png,Northern Lapwing
./train/TRAIN_11018.jpg,./upscale_train/TRAIN_11018.png,Northern Lapwing
./train/TRAIN_03251.jpg,./upscale_train/TRAIN_03251.png,Northern Lapwing
./train/TRAIN_03261.jpg,./upscale_train/TRAIN_03261.png,Northern Lapwing
./train/TRAIN_02490.jpg,./upscale_train/TRAIN_02490.png,Northern Lapwing
./train/TRAIN_01600.jpg,./upscale_train/TRAIN_01600.png,Northern Lapwing
./train/TRAIN_15053.jpg,./upscale_train/TRAIN_15053.png,Northern Lapwing
./train/TRAIN_00186.jpg,./upscale_train/TRAIN_00186.png,Northern Lapwing
./train/TRAIN_15576.jpg,./upscale_train/TRAIN_15576.png,Northern Lapwing
./train/TRAIN_13720.jpg,./upscale_train/TRAIN_13720.png,Northern Lapwing
./train/TRAIN_05547.jpg,./upscale_train/TRAIN_05547.png,Northern Lapwing
./train/TRAIN_00817.jpg,./upscale_train/TRAIN_00817.png,Northern Lapwing
./train/TRAIN_04052.jpg,./upscale_train/TRAIN_04052.png,Northern Lapwing
./train/TRAIN_10112.jpg,./upscale_train/TRAIN_10112.png,Northern Lapwing
./train/TRAIN_07803.jpg,./upscale_train/TRAIN_07803.png,Northern Lapwing
./train/TRAIN_10772.jpg,./upscale_train/TRAIN_10772.png,Northern Lapwing
./train/TRAIN_02820.jpg,./upscale_train/TRAIN_02820.png,Northern Lapwing
./train/TRAIN_01312.jpg,./upscale_train/TRAIN_01312.png,Northern Lapwing
./train/TRAIN_13134.jpg,./upscale_train/TRAIN_13134.png,Northern Lapwing
./train/TRAIN_06758.jpg,./upscale_train/TRAIN_06758.png,Northern Lapwing
./train/TRAIN_14365.jpg,./upscale_train/TRAIN_14365.png,Northern Lapwing
./train/TRAIN_01693.jpg,./upscale_train/TRAIN_01693.png,Northern Lapwing
./train/TRAIN_13544.jpg,./upscale_train/TRAIN_13544.png,Northern Lapwing
./train/TRAIN_01710.jpg,./upscale_train/TRAIN_01710.png,Northern Lapwing
./train/TRAIN_15223.jpg,./upscale_train/TRAIN_15223.png,Northern Lapwing
./train/TRAIN_07163.jpg,./upscale_train/TRAIN_07163.png,Northern Lapwing
./train/TRAIN_11448.jpg,./upscale_train/TRAIN_11448.png,Northern Lapwing
./train/TRAIN_09976.jpg,./upscale_train/TRAIN_09976.png,Northern Lapwing
./train/TRAIN_03666.jpg,./upscale_train/TRAIN_03666.png,Northern Lapwing
./train/TRAIN_14420.jpg,./upscale_train/TRAIN_14420.png,Northern Lapwing
./train/TRAIN_02876.jpg,./upscale_train/TRAIN_02876.png,Northern Lapwing
./train/TRAIN_00044.jpg,./upscale_train/TRAIN_00044.png,Northern Lapwing
./train/TRAIN_15084.jpg,./upscale_train/TRAIN_15084.png,Northern Lapwing
./train/TRAIN_09234.jpg,./upscale_train/TRAIN_09234.png,Northern Lapwing
./train/TRAIN_15725.jpg,./upscale_train/TRAIN_15725.png,Northern Lapwing
./train/TRAIN_08608.jpg,./upscale_train/TRAIN_08608.png,Northern Lapwing
./train/TRAIN_06570.jpg,./upscale_train/TRAIN_06570.png,Northern Lapwing
./train/TRAIN_01459.jpg,./upscale_train/TRAIN_01459.png,Northern Lapwing
./train/TRAIN_03192.jpg,./upscale_train/TRAIN_03192.png,Northern Lapwing
./train/TRAIN_00795.jpg,./upscale_train/TRAIN_00795.png,Northern Lapwing
./train/TRAIN_01566.jpg,./upscale_train/TRAIN_01566.png,Northern Lapwing
./train/TRAIN_06696.jpg,./upscale_train/TRAIN_06696.png,Northern Lapwing
./train/TRAIN_04509.jpg,./upscale_train/TRAIN_04509.png,Northern Lapwing
./train/TRAIN_01085.jpg,./upscale_train/TRAIN_01085.png,Northern Lapwing
./train/TRAIN_01575.jpg,./upscale_train/TRAIN_01575.png,Northern Lapwing
./train/TRAIN_08067.jpg,./upscale_train/TRAIN_08067.png,Northern Lapwing
./train/TRAIN_13007.jpg,./upscale_train/TRAIN_13007.png,Northern Lapwing
./train/TRAIN_03754.jpg,./upscale_train/TRAIN_03754.png,Northern Lapwing
./train/TRAIN_08739.jpg,./upscale_train/TRAIN_08739.png,Northern Lapwing
./train/TRAIN_10644.jpg,./upscale_train/TRAIN_10644.png,Northern Lapwing
./train/TRAIN_15185.jpg,./upscale_train/TRAIN_15185.png,Northern Lapwing
./train/TRAIN_06455.jpg,./upscale_train/TRAIN_06455.png,Northern Lapwing
./train/TRAIN_01502.jpg,./upscale_train/TRAIN_01502.png,Northern Lapwing
./train/TRAIN_08680.jpg,./upscale_train/TRAIN_08680.png,Northern Lapwing
./train/TRAIN_01128.jpg,./upscale_train/TRAIN_01128.png,Northern Lapwing
./train/TRAIN_03431.jpg,./upscale_train/TRAIN_03431.png,Northern Lapwing
./train/TRAIN_07585.jpg,./upscale_train/TRAIN_07585.png,Northern Lapwing
./train/TRAIN_01032.jpg,./upscale_train/TRAIN_01032.png,Northern Lapwing
./train/TRAIN_12578.jpg,./upscale_train/TRAIN_12578.png,Northern Lapwing
./train/TRAIN_06651.jpg,./upscale_train/TRAIN_06651.png,Northern Lapwing
./train/TRAIN_00114.jpg,./upscale_train/TRAIN_00114.png,Northern Lapwing
./train/TRAIN_14870.jpg,./upscale_train/TRAIN_14870.png,Northern Lapwing
./train/TRAIN_15729.jpg,./upscale_train/TRAIN_15729.png,Northern Lapwing
./train/TRAIN_04103.jpg,./upscale_train/TRAIN_04103.png,Northern Lapwing
./train/TRAIN_09618.jpg,./upscale_train/TRAIN_09618.png,Northern Lapwing
./train/TRAIN_03171.jpg,./upscale_train/TRAIN_03171.png,Northern Lapwing
./train/TRAIN_07835.jpg,./upscale_train/TRAIN_07835.png,Northern Lapwing
./train/TRAIN_03601.jpg,./upscale_train/TRAIN_03601.png,Northern Lapwing
./train/TRAIN_03731.jpg,./upscale_train/TRAIN_03731.png,Northern Lapwing
./train/TRAIN_01958.jpg,./upscale_train/TRAIN_01958.png,Northern Lapwing
./train/TRAIN_11477.jpg,./upscale_train/TRAIN_11477.png,Northern Lapwing
./train/TRAIN_06472.jpg,./upscale_train/TRAIN_06472.png,Northern Lapwing
./train/TRAIN_12517.jpg,./upscale_train/TRAIN_12517.png,Northern Lapwing
./train/TRAIN_14928.jpg,./upscale_train/TRAIN_14928.png,Northern Lapwing
./train/TRAIN_06701.jpg,./upscale_train/TRAIN_06701.png,Northern Lapwing
./train/TRAIN_14310.jpg,./upscale_train/TRAIN_14310.png,Northern Lapwing
./train/TRAIN_01066.jpg,./upscale_train/TRAIN_01066.png,Northern Lapwing
./train/TRAIN_15142.jpg,./upscale_train/TRAIN_15142.png,Northern Lapwing
./train/TRAIN_02589.jpg,./upscale_train/TRAIN_02589.png,Northern Lapwing
./train/TRAIN_04883.jpg,./upscale_train/TRAIN_04883.png,Northern Lapwing
./train/TRAIN_01364.jpg,./upscale_train/TRAIN_01364.png,Northern Lapwing
./train/TRAIN_08076.jpg,./upscale_train/TRAIN_08076.png,Northern Lapwing
./train/TRAIN_04971.jpg,./upscale_train/TRAIN_04971.png,Northern Lapwing
./train/TRAIN_06524.jpg,./upscale_train/TRAIN_06524.png,Northern Lapwing
./train/TRAIN_03187.jpg,./upscale_train/TRAIN_03187.png,Northern Lapwing
./train/TRAIN_14146.jpg,./upscale_train/TRAIN_14146.png,Northern Lapwing
./train/TRAIN_15487.jpg,./upscale_train/TRAIN_15487.png,Northern Lapwing
./train/TRAIN_00678.jpg,./upscale_train/TRAIN_00678.png,Northern Lapwing
./train/TRAIN_04733.jpg,./upscale_train/TRAIN_04733.png,Northern Lapwing
./train/TRAIN_07025.jpg,./upscale_train/TRAIN_07025.png,Northern Lapwing
./train/TRAIN_15600.jpg,./upscale_train/TRAIN_15600.png,Northern Lapwing
./train/TRAIN_05603.jpg,./upscale_train/TRAIN_05603.png,Northern Lapwing
./train/TRAIN_10630.jpg,./upscale_train/TRAIN_10630.png,Northern Lapwing
./train/TRAIN_02647.jpg,./upscale_train/TRAIN_02647.png,Northern Lapwing
./train/TRAIN_10736.jpg,./upscale_train/TRAIN_10736.png,Northern Lapwing
./train/TRAIN_01837.jpg,./upscale_train/TRAIN_01837.png,Northern Lapwing
./train/TRAIN_12041.jpg,./upscale_train/TRAIN_12041.png,Northern Lapwing
./train/TRAIN_11075.jpg,./upscale_train/TRAIN_11075.png,Northern Lapwing
./train/TRAIN_12621.jpg,./upscale_train/TRAIN_12621.png,Northern Lapwing
./train/TRAIN_10312.jpg,./upscale_train/TRAIN_10312.png,Northern Lapwing
./train/TRAIN_05613.jpg,./upscale_train/TRAIN_05613.png,Northern Lapwing
./train/TRAIN_04755.jpg,./upscale_train/TRAIN_04755.png,Northern Lapwing
./train/TRAIN_00501.jpg,./upscale_train/TRAIN_00501.png,Northern Lapwing
./train/TRAIN_05624.jpg,./upscale_train/TRAIN_05624.png,Northern Lapwing
./train/TRAIN_09154.jpg,./upscale_train/TRAIN_09154.png,Northern Lapwing
./train/TRAIN_04368.jpg,./upscale_train/TRAIN_04368.png,Northern Lapwing
./train/TRAIN_01472.jpg,./upscale_train/TRAIN_01472.png,Northern Lapwing
./train/TRAIN_03387.jpg,./upscale_train/TRAIN_03387.png,Northern Lapwing
./train/TRAIN_08464.jpg,./upscale_train/TRAIN_08464.png,Northern Lapwing
./train/TRAIN_00791.jpg,./upscale_train/TRAIN_00791.png,Northern Lapwing
./train/TRAIN_09050.jpg,./upscale_train/TRAIN_09050.png,Northern Lapwing
./train/TRAIN_07523.jpg,./upscale_train/TRAIN_07523.png,Northern Lapwing
./train/TRAIN_04833.jpg,./upscale_train/TRAIN_04833.png,Northern Lapwing
./train/TRAIN_07189.jpg,./upscale_train/TRAIN_07189.png,Northern Lapwing
./train/TRAIN_11168.jpg,./upscale_train/TRAIN_11168.png,Northern Lapwing
./train/TRAIN_08404.jpg,./upscale_train/TRAIN_08404.png,Northern Lapwing
./train/TRAIN_11495.jpg,./upscale_train/TRAIN_11495.png,Northern Lapwing
./train/TRAIN_11234.jpg,./upscale_train/TRAIN_11234.png,Northern Lapwing
./train/TRAIN_07180.jpg,./upscale_train/TRAIN_07180.png,Northern Lapwing
./train/TRAIN_14977.jpg,./upscale_train/TRAIN_14977.png,Northern Lapwing
./train/TRAIN_04211.jpg,./upscale_train/TRAIN_04211.png,Northern Lapwing
./train/TRAIN_13894.jpg,./upscale_train/TRAIN_13894.png,Northern Lapwing
./train/TRAIN_15055.jpg,./upscale_train/TRAIN_15055.png,Northern Lapwing
./train/TRAIN_10392.jpg,./upscale_train/TRAIN_10392.png,Northern Lapwing
./train/TRAIN_14454.jpg,./upscale_train/TRAIN_14454.png,Northern Lapwing
./train/TRAIN_07533.jpg,./upscale_train/TRAIN_07533.png,Northern Lapwing
./train/TRAIN_05893.jpg,./upscale_train/TRAIN_05893.png,Northern Lapwing
./train/TRAIN_15150.jpg,./upscale_train/TRAIN_15150.png,Northern Lapwing
./train/TRAIN_02536.jpg,./upscale_train/TRAIN_02536.png,Northern Lapwing
./train/TRAIN_02735.jpg,./upscale_train/TRAIN_02735.png,Northern Lapwing
./train/TRAIN_03767.jpg,./upscale_train/TRAIN_03767.png,Northern Lapwing
./train/TRAIN_05335.jpg,./upscale_train/TRAIN_05335.png,Northern Lapwing
./train/TRAIN_05828.jpg,./upscale_train/TRAIN_05828.png,Northern Lapwing
./train/TRAIN_00125.jpg,./upscale_train/TRAIN_00125.png,Northern Lapwing
./train/TRAIN_02010.jpg,./upscale_train/TRAIN_02010.png,Northern Lapwing
./train/TRAIN_11743.jpg,./upscale_train/TRAIN_11743.png,Northern Lapwing
./train/TRAIN_08504.jpg,./upscale_train/TRAIN_08504.png,Northern Lapwing
./train/TRAIN_11363.jpg,./upscale_train/TRAIN_11363.png,Northern Lapwing
./train/TRAIN_08346.jpg,./upscale_train/TRAIN_08346.png,Northern Lapwing
./train/TRAIN_08167.jpg,./upscale_train/TRAIN_08167.png,Northern Lapwing
./train/TRAIN_04195.jpg,./upscale_train/TRAIN_04195.png,Northern Lapwing
./train/TRAIN_03316.jpg,./upscale_train/TRAIN_03316.png,Northern Lapwing
./train/TRAIN_09995.jpg,./upscale_train/TRAIN_09995.png,Northern Lapwing
./train/TRAIN_01071.jpg,./upscale_train/TRAIN_01071.png,Northern Lapwing
./train/TRAIN_01068.jpg,./upscale_train/TRAIN_01068.png,Northern Lapwing
./train/TRAIN_01608.jpg,./upscale_train/TRAIN_01608.png,Northern Lapwing
./train/TRAIN_03791.jpg,./upscale_train/TRAIN_03791.png,Northern Lapwing
./train/TRAIN_05029.jpg,./upscale_train/TRAIN_05029.png,Northern Lapwing
./train/TRAIN_13987.jpg,./upscale_train/TRAIN_13987.png,Northern Lapwing
./train/TRAIN_01504.jpg,./upscale_train/TRAIN_01504.png,Northern Lapwing
./train/TRAIN_00259.jpg,./upscale_train/TRAIN_00259.png,Northern Lapwing
./train/TRAIN_04851.jpg,./upscale_train/TRAIN_04851.png,Northern Lapwing
./train/TRAIN_12699.jpg,./upscale_train/TRAIN_12699.png,Northern Lapwing
./train/TRAIN_12319.jpg,./upscale_train/TRAIN_12319.png,Northern Lapwing
./train/TRAIN_07975.jpg,./upscale_train/TRAIN_07975.png,Northern Lapwing
./train/TRAIN_04852.jpg,./upscale_train/TRAIN_04852.png,Northern Lapwing
./train/TRAIN_06247.jpg,./upscale_train/TRAIN_06247.png,Northern Lapwing
./train/TRAIN_13145.jpg,./upscale_train/TRAIN_13145.png,Northern Lapwing
./train/TRAIN_04112.jpg,./upscale_train/TRAIN_04112.png,Northern Lapwing
./train/TRAIN_09941.jpg,./upscale_train/TRAIN_09941.png,Northern Lapwing
./train/TRAIN_12760.jpg,./upscale_train/TRAIN_12760.png,Northern Lapwing
./train/TRAIN_01844.jpg,./upscale_train/TRAIN_01844.png,Northern Lapwing
./train/TRAIN_11266.jpg,./upscale_train/TRAIN_11266.png,Northern Lapwing
./train/TRAIN_07887.jpg,./upscale_train/TRAIN_07887.png,Northern Lapwing
./train/TRAIN_09991.jpg,./upscale_train/TRAIN_09991.png,Northern Lapwing
./train/TRAIN_01712.jpg,./upscale_train/TRAIN_01712.png,Northern Lapwing
./train/TRAIN_00642.jpg,./upscale_train/TRAIN_00642.png,Northern Lapwing
./train/TRAIN_07346.jpg,./upscale_train/TRAIN_07346.png,Northern Lapwing
./train/TRAIN_08510.jpg,./upscale_train/TRAIN_08510.png,Northern Lapwing
./train/TRAIN_04763.jpg,./upscale_train/TRAIN_04763.png,Northern Lapwing
./train/TRAIN_05849.jpg,./upscale_train/TRAIN_05849.png,Northern Lapwing
./train/TRAIN_11163.jpg,./upscale_train/TRAIN_11163.png,Northern Lapwing
./train/TRAIN_11147.jpg,./upscale_train/TRAIN_11147.png,Northern Lapwing
./train/TRAIN_14942.jpg,./upscale_train/TRAIN_14942.png,Northern Lapwing
./train/TRAIN_03266.jpg,./upscale_train/TRAIN_03266.png,Northern Lapwing
./train/TRAIN_10301.jpg,./upscale_train/TRAIN_10301.png,Northern Lapwing
./train/TRAIN_07917.jpg,./upscale_train/TRAIN_07917.png,Northern Lapwing
./train/TRAIN_06937.jpg,./upscale_train/TRAIN_06937.png,Northern Lapwing
./train/TRAIN_07672.jpg,./upscale_train/TRAIN_07672.png,Red-Wattled Lapwing
./train/TRAIN_13786.jpg,./upscale_train/TRAIN_13786.png,Red-Wattled Lapwing
./train/TRAIN_12160.jpg,./upscale_train/TRAIN_12160.png,Red-Wattled Lapwing
./train/TRAIN_08357.jpg,./upscale_train/TRAIN_08357.png,Red-Wattled Lapwing
./train/TRAIN_06017.jpg,./upscale_train/TRAIN_06017.png,Red-Wattled Lapwing
./train/TRAIN_10243.jpg,./upscale_train/TRAIN_10243.png,Red-Wattled Lapwing
./train/TRAIN_10550.jpg,./upscale_train/TRAIN_10550.png,Red-Wattled Lapwing
./train/TRAIN_08319.jpg,./upscale_train/TRAIN_08319.png,Red-Wattled Lapwing
./train/TRAIN_07419.jpg,./upscale_train/TRAIN_07419.png,Red-Wattled Lapwing
./train/TRAIN_02146.jpg,./upscale_train/TRAIN_02146.png,Red-Wattled Lapwing
./train/TRAIN_01937.jpg,./upscale_train/TRAIN_01937.png,Red-Wattled Lapwing
./train/TRAIN_06222.jpg,./upscale_train/TRAIN_06222.png,Red-Wattled Lapwing
./train/TRAIN_10411.jpg,./upscale_train/TRAIN_10411.png,Red-Wattled Lapwing
./train/TRAIN_08270.jpg,./upscale_train/TRAIN_08270.png,Red-Wattled Lapwing
./train/TRAIN_11966.jpg,./upscale_train/TRAIN_11966.png,Red-Wattled Lapwing
./train/TRAIN_01629.jpg,./upscale_train/TRAIN_01629.png,Red-Wattled Lapwing
./train/TRAIN_01313.jpg,./upscale_train/TRAIN_01313.png,Red-Wattled Lapwing
./train/TRAIN_10893.jpg,./upscale_train/TRAIN_10893.png,Red-Wattled Lapwing
./train/TRAIN_04900.jpg,./upscale_train/TRAIN_04900.png,Red-Wattled Lapwing
./train/TRAIN_08283.jpg,./upscale_train/TRAIN_08283.png,Red-Wattled Lapwing
./train/TRAIN_02583.jpg,./upscale_train/TRAIN_02583.png,Red-Wattled Lapwing
./train/TRAIN_08793.jpg,./upscale_train/TRAIN_08793.png,Red-Wattled Lapwing
./train/TRAIN_13954.jpg,./upscale_train/TRAIN_13954.png,Red-Wattled Lapwing
./train/TRAIN_14464.jpg,./upscale_train/TRAIN_14464.png,Red-Wattled Lapwing
./train/TRAIN_13083.jpg,./upscale_train/TRAIN_13083.png,Red-Wattled Lapwing
./train/TRAIN_05650.jpg,./upscale_train/TRAIN_05650.png,Red-Wattled Lapwing
./train/TRAIN_07751.jpg,./upscale_train/TRAIN_07751.png,Red-Wattled Lapwing
./train/TRAIN_05004.jpg,./upscale_train/TRAIN_05004.png,Red-Wattled Lapwing
./train/TRAIN_06880.jpg,./upscale_train/TRAIN_06880.png,Red-Wattled Lapwing
./train/TRAIN_01890.jpg,./upscale_train/TRAIN_01890.png,Red-Wattled Lapwing
./train/TRAIN_12682.jpg,./upscale_train/TRAIN_12682.png,Red-Wattled Lapwing
./train/TRAIN_13117.jpg,./upscale_train/TRAIN_13117.png,Red-Wattled Lapwing
./train/TRAIN_10940.jpg,./upscale_train/TRAIN_10940.png,Red-Wattled Lapwing
./train/TRAIN_03142.jpg,./upscale_train/TRAIN_03142.png,Red-Wattled Lapwing
./train/TRAIN_03170.jpg,./upscale_train/TRAIN_03170.png,Red-Wattled Lapwing
./train/TRAIN_02401.jpg,./upscale_train/TRAIN_02401.png,Red-Wattled Lapwing
./train/TRAIN_01784.jpg,./upscale_train/TRAIN_01784.png,Red-Wattled Lapwing
./train/TRAIN_14730.jpg,./upscale_train/TRAIN_14730.png,Red-Wattled Lapwing
./train/TRAIN_00274.jpg,./upscale_train/TRAIN_00274.png,Red-Wattled Lapwing
./train/TRAIN_15568.jpg,./upscale_train/TRAIN_15568.png,Red-Wattled Lapwing
./train/TRAIN_13577.jpg,./upscale_train/TRAIN_13577.png,Red-Wattled Lapwing
./train/TRAIN_05475.jpg,./upscale_train/TRAIN_05475.png,Red-Wattled Lapwing
./train/TRAIN_00690.jpg,./upscale_train/TRAIN_00690.png,Red-Wattled Lapwing
./train/TRAIN_04316.jpg,./upscale_train/TRAIN_04316.png,Red-Wattled Lapwing
./train/TRAIN_09927.jpg,./upscale_train/TRAIN_09927.png,Red-Wattled Lapwing
./train/TRAIN_07671.jpg,./upscale_train/TRAIN_07671.png,Red-Wattled Lapwing
./train/TRAIN_10681.jpg,./upscale_train/TRAIN_10681.png,Red-Wattled Lapwing
./train/TRAIN_02819.jpg,./upscale_train/TRAIN_02819.png,Red-Wattled Lapwing
./train/TRAIN_01329.jpg,./upscale_train/TRAIN_01329.png,Red-Wattled Lapwing
./train/TRAIN_12961.jpg,./upscale_train/TRAIN_12961.png,Red-Wattled Lapwing
./train/TRAIN_06531.jpg,./upscale_train/TRAIN_06531.png,Red-Wattled Lapwing
./train/TRAIN_14054.jpg,./upscale_train/TRAIN_14054.png,Red-Wattled Lapwing
./train/TRAIN_01896.jpg,./upscale_train/TRAIN_01896.png,Red-Wattled Lapwing
./train/TRAIN_13334.jpg,./upscale_train/TRAIN_13334.png,Red-Wattled Lapwing
./train/TRAIN_01899.jpg,./upscale_train/TRAIN_01899.png,Red-Wattled Lapwing
./train/TRAIN_15140.jpg,./upscale_train/TRAIN_15140.png,Red-Wattled Lapwing
./train/TRAIN_06920.jpg,./upscale_train/TRAIN_06920.png,Red-Wattled Lapwing
./train/TRAIN_11422.jpg,./upscale_train/TRAIN_11422.png,Red-Wattled Lapwing
./train/TRAIN_09876.jpg,./upscale_train/TRAIN_09876.png,Red-Wattled Lapwing
./train/TRAIN_03814.jpg,./upscale_train/TRAIN_03814.png,Red-Wattled Lapwing
./train/TRAIN_14061.jpg,./upscale_train/TRAIN_14061.png,Red-Wattled Lapwing
./train/TRAIN_02834.jpg,./upscale_train/TRAIN_02834.png,Red-Wattled Lapwing
./train/TRAIN_00138.jpg,./upscale_train/TRAIN_00138.png,Red-Wattled Lapwing
./train/TRAIN_14824.jpg,./upscale_train/TRAIN_14824.png,Red-Wattled Lapwing
./train/TRAIN_09239.jpg,./upscale_train/TRAIN_09239.png,Red-Wattled Lapwing
./train/TRAIN_15761.jpg,./upscale_train/TRAIN_15761.png,Red-Wattled Lapwing
./train/TRAIN_08305.jpg,./upscale_train/TRAIN_08305.png,Red-Wattled Lapwing
./train/TRAIN_06395.jpg,./upscale_train/TRAIN_06395.png,Red-Wattled Lapwing
./train/TRAIN_01577.jpg,./upscale_train/TRAIN_01577.png,Red-Wattled Lapwing
./train/TRAIN_03106.jpg,./upscale_train/TRAIN_03106.png,Red-Wattled Lapwing
./train/TRAIN_00673.jpg,./upscale_train/TRAIN_00673.png,Red-Wattled Lapwing
./train/TRAIN_01748.jpg,./upscale_train/TRAIN_01748.png,Red-Wattled Lapwing
./train/TRAIN_06513.jpg,./upscale_train/TRAIN_06513.png,Red-Wattled Lapwing
./train/TRAIN_04776.jpg,./upscale_train/TRAIN_04776.png,Red-Wattled Lapwing
./train/TRAIN_00987.jpg,./upscale_train/TRAIN_00987.png,Red-Wattled Lapwing
./train/TRAIN_01760.jpg,./upscale_train/TRAIN_01760.png,Red-Wattled Lapwing
./train/TRAIN_07806.jpg,./upscale_train/TRAIN_07806.png,Red-Wattled Lapwing
./train/TRAIN_12863.jpg,./upscale_train/TRAIN_12863.png,Red-Wattled Lapwing
./train/TRAIN_03980.jpg,./upscale_train/TRAIN_03980.png,Red-Wattled Lapwing
./train/TRAIN_08445.jpg,./upscale_train/TRAIN_08445.png,Red-Wattled Lapwing
./train/TRAIN_10459.jpg,./upscale_train/TRAIN_10459.png,Red-Wattled Lapwing
./train/TRAIN_14940.jpg,./upscale_train/TRAIN_14940.png,Red-Wattled Lapwing
./train/TRAIN_06274.jpg,./upscale_train/TRAIN_06274.png,Red-Wattled Lapwing
./train/TRAIN_01638.jpg,./upscale_train/TRAIN_01638.png,Red-Wattled Lapwing
./train/TRAIN_08381.jpg,./upscale_train/TRAIN_08381.png,Red-Wattled Lapwing
./train/TRAIN_01154.jpg,./upscale_train/TRAIN_01154.png,Red-Wattled Lapwing
./train/TRAIN_03567.jpg,./upscale_train/TRAIN_03567.png,Red-Wattled Lapwing
./train/TRAIN_07560.jpg,./upscale_train/TRAIN_07560.png,Red-Wattled Lapwing
./train/TRAIN_00891.jpg,./upscale_train/TRAIN_00891.png,Red-Wattled Lapwing
./train/TRAIN_12556.jpg,./upscale_train/TRAIN_12556.png,Red-Wattled Lapwing
./train/TRAIN_06439.jpg,./upscale_train/TRAIN_06439.png,Red-Wattled Lapwing
./train/TRAIN_00219.jpg,./upscale_train/TRAIN_00219.png,Red-Wattled Lapwing
./train/TRAIN_14577.jpg,./upscale_train/TRAIN_14577.png,Red-Wattled Lapwing
./train/TRAIN_15773.jpg,./upscale_train/TRAIN_15773.png,Red-Wattled Lapwing
./train/TRAIN_04344.jpg,./upscale_train/TRAIN_04344.png,Red-Wattled Lapwing
./train/TRAIN_09513.jpg,./upscale_train/TRAIN_09513.png,Red-Wattled Lapwing
./train/TRAIN_02971.jpg,./upscale_train/TRAIN_02971.png,Red-Wattled Lapwing
./train/TRAIN_07674.jpg,./upscale_train/TRAIN_07674.png,Red-Wattled Lapwing
./train/TRAIN_03742.jpg,./upscale_train/TRAIN_03742.png,Red-Wattled Lapwing
./train/TRAIN_03966.jpg,./upscale_train/TRAIN_03966.png,Red-Wattled Lapwing
./train/TRAIN_02069.jpg,./upscale_train/TRAIN_02069.png,Red-Wattled Lapwing
./train/TRAIN_11425.jpg,./upscale_train/TRAIN_11425.png,Red-Wattled Lapwing
./train/TRAIN_06292.jpg,./upscale_train/TRAIN_06292.png,Red-Wattled Lapwing
./train/TRAIN_12482.jpg,./upscale_train/TRAIN_12482.png,Red-Wattled Lapwing
./train/TRAIN_14596.jpg,./upscale_train/TRAIN_14596.png,Red-Wattled Lapwing
./train/TRAIN_06517.jpg,./upscale_train/TRAIN_06517.png,Red-Wattled Lapwing
./train/TRAIN_14023.jpg,./upscale_train/TRAIN_14023.png,Red-Wattled Lapwing
./train/TRAIN_00936.jpg,./upscale_train/TRAIN_00936.png,Red-Wattled Lapwing
./train/TRAIN_14873.jpg,./upscale_train/TRAIN_14873.png,Red-Wattled Lapwing
./train/TRAIN_02556.jpg,./upscale_train/TRAIN_02556.png,Red-Wattled Lapwing
./train/TRAIN_04980.jpg,./upscale_train/TRAIN_04980.png,Red-Wattled Lapwing
./train/TRAIN_01341.jpg,./upscale_train/TRAIN_01341.png,Red-Wattled Lapwing
./train/TRAIN_07812.jpg,./upscale_train/TRAIN_07812.png,Red-Wattled Lapwing
./train/TRAIN_05046.jpg,./upscale_train/TRAIN_05046.png,Red-Wattled Lapwing
./train/TRAIN_06372.jpg,./upscale_train/TRAIN_06372.png,Red-Wattled Lapwing
./train/TRAIN_02982.jpg,./upscale_train/TRAIN_02982.png,Red-Wattled Lapwing
./train/TRAIN_13880.jpg,./upscale_train/TRAIN_13880.png,Red-Wattled Lapwing
./train/TRAIN_15470.jpg,./upscale_train/TRAIN_15470.png,Red-Wattled Lapwing
./train/TRAIN_00547.jpg,./upscale_train/TRAIN_00547.png,Red-Wattled Lapwing
./train/TRAIN_04834.jpg,./upscale_train/TRAIN_04834.png,Red-Wattled Lapwing
./train/TRAIN_06862.jpg,./upscale_train/TRAIN_06862.png,Red-Wattled Lapwing
./train/TRAIN_15594.jpg,./upscale_train/TRAIN_15594.png,Red-Wattled Lapwing
./train/TRAIN_05565.jpg,./upscale_train/TRAIN_05565.png,Red-Wattled Lapwing
./train/TRAIN_10393.jpg,./upscale_train/TRAIN_10393.png,Red-Wattled Lapwing
./train/TRAIN_02610.jpg,./upscale_train/TRAIN_02610.png,Red-Wattled Lapwing
./train/TRAIN_10646.jpg,./upscale_train/TRAIN_10646.png,Red-Wattled Lapwing
./train/TRAIN_02045.jpg,./upscale_train/TRAIN_02045.png,Red-Wattled Lapwing
./train/TRAIN_12015.jpg,./upscale_train/TRAIN_12015.png,Red-Wattled Lapwing
./train/TRAIN_10949.jpg,./upscale_train/TRAIN_10949.png,Red-Wattled Lapwing
./train/TRAIN_12616.jpg,./upscale_train/TRAIN_12616.png,Red-Wattled Lapwing
./train/TRAIN_10143.jpg,./upscale_train/TRAIN_10143.png,Red-Wattled Lapwing
./train/TRAIN_05575.jpg,./upscale_train/TRAIN_05575.png,Red-Wattled Lapwing
./train/TRAIN_04884.jpg,./upscale_train/TRAIN_04884.png,Red-Wattled Lapwing
./train/TRAIN_00486.jpg,./upscale_train/TRAIN_00486.png,Red-Wattled Lapwing
./train/TRAIN_05625.jpg,./upscale_train/TRAIN_05625.png,Red-Wattled Lapwing
./train/TRAIN_09156.jpg,./upscale_train/TRAIN_09156.png,Red-Wattled Lapwing
./train/TRAIN_04678.jpg,./upscale_train/TRAIN_04678.png,Red-Wattled Lapwing
./train/TRAIN_01580.jpg,./upscale_train/TRAIN_01580.png,Red-Wattled Lapwing
./train/TRAIN_03491.jpg,./upscale_train/TRAIN_03491.png,Red-Wattled Lapwing
./train/TRAIN_08165.jpg,./upscale_train/TRAIN_08165.png,Red-Wattled Lapwing
./train/TRAIN_00636.jpg,./upscale_train/TRAIN_00636.png,Red-Wattled Lapwing
./train/TRAIN_08864.jpg,./upscale_train/TRAIN_08864.png,Red-Wattled Lapwing
./train/TRAIN_07540.jpg,./upscale_train/TRAIN_07540.png,Red-Wattled Lapwing
./train/TRAIN_04918.jpg,./upscale_train/TRAIN_04918.png,Red-Wattled Lapwing
./train/TRAIN_07195.jpg,./upscale_train/TRAIN_07195.png,Red-Wattled Lapwing
./train/TRAIN_11045.jpg,./upscale_train/TRAIN_11045.png,Red-Wattled Lapwing
./train/TRAIN_08140.jpg,./upscale_train/TRAIN_08140.png,Red-Wattled Lapwing
./train/TRAIN_11478.jpg,./upscale_train/TRAIN_11478.png,Red-Wattled Lapwing
./train/TRAIN_11104.jpg,./upscale_train/TRAIN_11104.png,Red-Wattled Lapwing
./train/TRAIN_07016.jpg,./upscale_train/TRAIN_07016.png,Red-Wattled Lapwing
./train/TRAIN_14677.jpg,./upscale_train/TRAIN_14677.png,Red-Wattled Lapwing
./train/TRAIN_04449.jpg,./upscale_train/TRAIN_04449.png,Red-Wattled Lapwing
./train/TRAIN_13661.jpg,./upscale_train/TRAIN_13661.png,Red-Wattled Lapwing
./train/TRAIN_14735.jpg,./upscale_train/TRAIN_14735.png,Red-Wattled Lapwing
./train/TRAIN_10184.jpg,./upscale_train/TRAIN_10184.png,Red-Wattled Lapwing
./train/TRAIN_14170.jpg,./upscale_train/TRAIN_14170.png,Red-Wattled Lapwing
./train/TRAIN_07549.jpg,./upscale_train/TRAIN_07549.png,Red-Wattled Lapwing
./train/TRAIN_05918.jpg,./upscale_train/TRAIN_05918.png,Red-Wattled Lapwing
./train/TRAIN_14875.jpg,./upscale_train/TRAIN_14875.png,Red-Wattled Lapwing
./train/TRAIN_02451.jpg,./upscale_train/TRAIN_02451.png,Red-Wattled Lapwing
./train/TRAIN_02714.jpg,./upscale_train/TRAIN_02714.png,Red-Wattled Lapwing
./train/TRAIN_04003.jpg,./upscale_train/TRAIN_04003.png,Red-Wattled Lapwing
./train/TRAIN_05366.jpg,./upscale_train/TRAIN_05366.png,Red-Wattled Lapwing
./train/TRAIN_05772.jpg,./upscale_train/TRAIN_05772.png,Red-Wattled Lapwing
./train/TRAIN_00239.jpg,./upscale_train/TRAIN_00239.png,Red-Wattled Lapwing
./train/TRAIN_02115.jpg,./upscale_train/TRAIN_02115.png,Red-Wattled Lapwing
./train/TRAIN_11867.jpg,./upscale_train/TRAIN_11867.png,Red-Wattled Lapwing
./train/TRAIN_08200.jpg,./upscale_train/TRAIN_08200.png,Red-Wattled Lapwing
./train/TRAIN_11348.jpg,./upscale_train/TRAIN_11348.png,Red-Wattled Lapwing
./train/TRAIN_08056.jpg,./upscale_train/TRAIN_08056.png,Red-Wattled Lapwing
./train/TRAIN_07878.jpg,./upscale_train/TRAIN_07878.png,Red-Wattled Lapwing
./train/TRAIN_04442.jpg,./upscale_train/TRAIN_04442.png,Red-Wattled Lapwing
./train/TRAIN_03300.jpg,./upscale_train/TRAIN_03300.png,Red-Wattled Lapwing
./train/TRAIN_09885.jpg,./upscale_train/TRAIN_09885.png,Red-Wattled Lapwing
./train/TRAIN_00978.jpg,./upscale_train/TRAIN_00978.png,Red-Wattled Lapwing
./train/TRAIN_00961.jpg,./upscale_train/TRAIN_00961.png,Red-Wattled Lapwing
./train/TRAIN_01839.jpg,./upscale_train/TRAIN_01839.png,Red-Wattled Lapwing
./train/TRAIN_04016.jpg,./upscale_train/TRAIN_04016.png,Red-Wattled Lapwing
./train/TRAIN_05064.jpg,./upscale_train/TRAIN_05064.png,Red-Wattled Lapwing
./train/TRAIN_13751.jpg,./upscale_train/TRAIN_13751.png,Red-Wattled Lapwing
./train/TRAIN_01639.jpg,./upscale_train/TRAIN_01639.png,Red-Wattled Lapwing
./train/TRAIN_00351.jpg,./upscale_train/TRAIN_00351.png,Red-Wattled Lapwing
./train/TRAIN_04934.jpg,./upscale_train/TRAIN_04934.png,Red-Wattled Lapwing
./train/TRAIN_12709.jpg,./upscale_train/TRAIN_12709.png,Red-Wattled Lapwing
./train/TRAIN_12250.jpg,./upscale_train/TRAIN_12250.png,Red-Wattled Lapwing
./train/TRAIN_07720.jpg,./upscale_train/TRAIN_07720.png,Red-Wattled Lapwing
./train/TRAIN_04949.jpg,./upscale_train/TRAIN_04949.png,Red-Wattled Lapwing
./train/TRAIN_06118.jpg,./upscale_train/TRAIN_06118.png,Red-Wattled Lapwing
./train/TRAIN_12978.jpg,./upscale_train/TRAIN_12978.png,Red-Wattled Lapwing
./train/TRAIN_04359.jpg,./upscale_train/TRAIN_04359.png,Red-Wattled Lapwing
./train/TRAIN_09827.jpg,./upscale_train/TRAIN_09827.png,Red-Wattled Lapwing
./train/TRAIN_12794.jpg,./upscale_train/TRAIN_12794.png,Red-Wattled Lapwing
./train/TRAIN_02049.jpg,./upscale_train/TRAIN_02049.png,Red-Wattled Lapwing
./train/TRAIN_11218.jpg,./upscale_train/TRAIN_11218.png,Red-Wattled Lapwing
./train/TRAIN_07688.jpg,./upscale_train/TRAIN_07688.png,Red-Wattled Lapwing
./train/TRAIN_09878.jpg,./upscale_train/TRAIN_09878.png,Red-Wattled Lapwing
./train/TRAIN_01914.jpg,./upscale_train/TRAIN_01914.png,Red-Wattled Lapwing
./train/TRAIN_00546.jpg,./upscale_train/TRAIN_00546.png,Red-Wattled Lapwing
./train/TRAIN_07388.jpg,./upscale_train/TRAIN_07388.png,Red-Wattled Lapwing
./train/TRAIN_08239.jpg,./upscale_train/TRAIN_08239.png,Red-Wattled Lapwing
./train/TRAIN_04896.jpg,./upscale_train/TRAIN_04896.png,Red-Wattled Lapwing
./train/TRAIN_05836.jpg,./upscale_train/TRAIN_05836.png,Red-Wattled Lapwing
./train/TRAIN_11041.jpg,./upscale_train/TRAIN_11041.png,Red-Wattled Lapwing
./train/TRAIN_10994.jpg,./upscale_train/TRAIN_10994.png,Red-Wattled Lapwing
./train/TRAIN_14656.jpg,./upscale_train/TRAIN_14656.png,Red-Wattled Lapwing
./train/TRAIN_03186.jpg,./upscale_train/TRAIN_03186.png,Red-Wattled Lapwing
./train/TRAIN_10115.jpg,./upscale_train/TRAIN_10115.png,Red-Wattled Lapwing
./train/TRAIN_07701.jpg,./upscale_train/TRAIN_07701.png,Red-Wattled Lapwing
./train/TRAIN_06686.jpg,./upscale_train/TRAIN_06686.png,Red-Wattled Lapwing
